{
    "header": {
        "parent": "0x49397222fe994e72d5ea397ff0948606f47fb22d77751c63da18481e0b93b598",
        "parent_state_root": "0x7be07e3960d704ef616eac1136fd33fe2914126ac3e26d3c9a61c70f451149a2",
        "extrinsic_hash": "0x189d15af832dfe4f67744008b62c334b569fcbb4c261e0f065655697306ca252",
        "slot": 20,
        "epoch_mark": null,
        "tickets_mark": null,
        "offenders_mark": [],
        "author_index": 2,
        "entropy_source": "0x1ef2d3fd951a6ca263cf407c86d5221437bfb8c23ccb39edf6f742c3145c2557490efd490bf82795f480d6242edec61333a46b9ca72e994cb0b4665723bba507b6bd807b7cb62d50af87d45177ddcb9171505b09f834d2bd8ddabb8d1c8e2803",
        "seal": "0x034c0e655f644fb109dbcd0050ca49180e2a5bd3b9a95b88626732ce05dbfccc07e8c2f296bbf03b83e00eafecd0d0649e77182689424b8554ad881e8f9ee902512ea2e333fdeb72df1be8df0098e7881931ed7ee427e4a12b2d1966f3509408"
    },
    "extrinsic": {
        "tickets": [],
        "preimages": [],
        "guarantees": [],
        "assurances": [],
        "disputes": {
            "verdicts": [],
            "culprits": [],
            "faults": []
        }
    }
}