{
    "header": {
        "parent": "0x3ff6e35bff3d9f1c1e384484b6fc32335ef2593efba5b877278e4baaca472b1e",
        "parent_state_root": "0xbd464e113735978f67fb3cbd6374af983f4f3bb6bcf9fce2a194878c79ab478a",
        "extrinsic_hash": "0x189d15af832dfe4f67744008b62c334b569fcbb4c261e0f065655697306ca252",
        "slot": 43,
        "epoch_mark": null,
        "tickets_mark": null,
        "offenders_mark": [],
        "author_index": 1,
        "entropy_source": "0x61359d203684eb1023a878e10f621cf91d853403cee629c883401666a94621bcae8110f1070cc5e27ec1cff77c6189e9b3c5f1bf0cafff06064828a29f21a80dac836a521ebb8b3280e3550900a0870d5ef8f33144e1e2f951f87b7fec7f3910",
        "seal": "0x1a232c8ffc475bef1cc0bab94d460e11869320def62e08bf5031c4b6ecd7cf8752951a53cc35fca9ace3667e5d60517492d89fdfefcf55b4cf8e1383f2a3d005d5ae3f783f286402bf91d697b6296a43a503777829715287443918d08e8b1c09"
    },
    "extrinsic": {
        "tickets": [],
        "preimages": [],
        "guarantees": [],
        "assurances": [],
        "disputes": {
            "verdicts": [],
            "culprits": [],
            "faults": []
        }
    }
}