{
    "header": {
        "parent": "0x1db86fb017128948c985ca866f35af7fae850031c888b52a45f7177c2027d32b",
        "parent_state_root": "0x37d441c6a2ba9f9f8de9aaf1d548059ece29373468278032777bd8e552e5101c",
        "extrinsic_hash": "0x189d15af832dfe4f67744008b62c334b569fcbb4c261e0f065655697306ca252",
        "slot": 21,
        "epoch_mark": null,
        "tickets_mark": null,
        "offenders_mark": [],
        "author_index": 0,
        "entropy_source": "0x4c9968e133a48e16c7edeb1df282de7d68705c99b2c18728d05893e64c4c7d119088ca51bd712615eb5c168d47ebf80c2e9bc01b9342a9f0e07775beb61f9e1b6f4bd0f56cf69d8e1cc37f1fdf36f6d7d13d74fbd5d78206dcde95ae7ce29c1b",
        "seal": "0x290cf0944d46ccf7b7c6e9dbe5eb2c9e4fef2f2c85f050b1b40571ed3a2c38120dcc1e39b9b3adf0893d59f0ddc1e45e3e77d053378a2da8237d0c15b3a13a048a5ed7744b886d715440e7eaa4cecde52e5ad475ddceacb1b44a4461f6429906"
    },
    "extrinsic": {
        "tickets": [],
        "preimages": [],
        "guarantees": [],
        "assurances": [],
        "disputes": {
            "verdicts": [],
            "culprits": [],
            "faults": []
        }
    }
}