{
    "header": {
        "parent": "0x07fa593c9c1bf099789ae83801ddf16a5475a2d67bcb71d4955a9e4845e515d8",
        "parent_state_root": "0xb850da453d4b0baa60951ed4ced73b108a0504cadbea719cb967ba80d031fbbb",
        "extrinsic_hash": "0x8db0dcf34a63ed9d3a420491c3092ec503cb55656dc176c178a4397581ca8956",
        "slot": 23,
        "epoch_mark": null,
        "tickets_mark": null,
        "offenders_mark": [],
        "author_index": 4,
        "entropy_source": "0x4b213bfc74f65eb109896f1d57e78809d1a94c0c1b2e4543a9ee470eb6cfdfee96228bd01847dbe9e92c5c8c190fab85da4cb5ecd63cd3c758730b17b1247d1be6a5107ff246b08fbf8dcad39ba00b33e9ee4e2b934f62ee7e503e2a1eeaba11",
        "seal": "0xa060e079fdeefc27d1278b9a3d1922874c87e8d0dc7885d08443a29a460af82796497dd9914b97ffab66614003ee3654d949572b14bf3b6a8292f999c7991f00e63d2d9fcaf2ad3738cebff335fcb70ea3160eebedc636ea649097715dcecc09"
    },
    "extrinsic": {
        "tickets": [],
        "preimages": [],
        "guarantees": [],
        "assurances": [
            {
                "anchor": "0x07fa593c9c1bf099789ae83801ddf16a5475a2d67bcb71d4955a9e4845e515d8",
                "bitfield": "0x01",
                "validator_index": 0,
                "signature": "0x0b79aeffe08edc1e5a55c578762739e62c3b31cfe6fcaa2697571f72e94bb71112efd9bb4bb579509a03fba3e2399a90f95f2ee53863131fe40eff7cf7b6cd0b"
            },
            {
                "anchor": "0x07fa593c9c1bf099789ae83801ddf16a5475a2d67bcb71d4955a9e4845e515d8",
                "bitfield": "0x01",
                "validator_index": 1,
                "signature": "0xfddb245313b0cb663b272e61c1dc82ad7280646a3c809aeebe3a2207b766cbf5553bc1edab2160eb15cefc87a120fb68cb44517226909a6b656c433b7d49910a"
            },
            {
                "anchor": "0x07fa593c9c1bf099789ae83801ddf16a5475a2d67bcb71d4955a9e4845e515d8",
                "bitfield": "0x01",
                "validator_index": 2,
                "signature": "0x324e9fcee33af82835dfc28e8f7fdd88356888a7485c5255c20ee2b0f93bb6463dff0e1f93f647287b07f71e9f9c7172b0c26a4d3078b6c06f2ea2fdd9a6f600"
            },
            {
                "anchor": "0x07fa593c9c1bf099789ae83801ddf16a5475a2d67bcb71d4955a9e4845e515d8",
                "bitfield": "0x01",
                "validator_index": 3,
                "signature": "0xb4b8b3395baec7bfc6a452b7590ea385a7ba7cf25474ad7bf8790c636f77cca7926065470e692e76e1b1c69e4894c219abaa645f7ebbd99a917a6945d69ffd01"
            },
            {
                "anchor": "0x07fa593c9c1bf099789ae83801ddf16a5475a2d67bcb71d4955a9e4845e515d8",
                "bitfield": "0x01",
                "validator_index": 4,
                "signature": "0x53e68b2246e02bd5d0e926cc032df5b7c426722b82a92bd5438cb477d4abd8eb5f1b0635b836a64070d7245f8312a4e5bf71328be133dc5eb8e793684816e403"
            },
            {
                "anchor": "0x07fa593c9c1bf099789ae83801ddf16a5475a2d67bcb71d4955a9e4845e515d8",
                "bitfield": "0x01",
                "validator_index": 5,
                "signature": "0xfe05630d6d1e209a2622fe91474623fb31b4c9863274ff3f6e82b2e3af2a85818e606d8fe613eae2f3fae446399ff67a19b4423ee313975f18d8af6f0dc30307"
            }
        ],
        "disputes": {
            "verdicts": [],
            "culprits": [],
            "faults": []
        }
    }
}