{
    "header": {
        "parent": "0x0ce42821e34a8719001fc8c00a1cf78afcd6a86e642d8ad396b9188067910508",
        "parent_state_root": "0x9a0e51125a716d89a36d238b81b958ed9d5eac514ad9e6dd649f3cd4f94fd534",
        "extrinsic_hash": "0xcd30b1779a8a05ab0c1cb855e8c4efa1f92def25e792c3c75cc423fd3a6dea02",
        "slot": 22,
        "epoch_mark": null,
        "tickets_mark": [
            {
                "id": "0x0b7537993b0a700def26bb16e99ed0bfb530f616e4c13cf63ecb60bcbe83387d",
                "attempt": 2
            },
            {
                "id": "0x71dd32fb8a1580b4aa3213c3616d8fbbcb9edc00467c4e4548ff8a1fd815811c",
                "attempt": 2
            },
            {
                "id": "0x1912baa74049a4cad89dc3f0646144459b691b926cf8b9c1c4a5bbfa1ee0c331",
                "attempt": 1
            },
            {
                "id": "0x6b5cc620ed50042cd517ec8267706c82482f07ebcb3c65bfb6288ef5984141a7",
                "attempt": 1
            },
            {
                "id": "0x22fdcfa858e5195e222174597d7d33bd66d97748c413b876f7a132134ce9baef",
                "attempt": 0
            },
            {
                "id": "0x665df13fd353ffe92e9bd68ae952f4511681f04bd2ffb9a6da1b1f5f706c53ec",
                "attempt": 2
            },
            {
                "id": "0x23bd628fd365a0f3ecd10db746dd04ec5efe61f96da19ae070c44b97d3c9a7b8",
                "attempt": 2
            },
            {
                "id": "0x39f7d99b86f90cada4aa3b08adfe310024813fca0bdcdff944873a2cc2e47074",
                "attempt": 1
            },
            {
                "id": "0x31d6a25525ff4bd6e47e611646d7b5835b94b5c0a69c225371b2b762c93095a2",
                "attempt": 1
            },
            {
                "id": "0x39e2d23807ff3788156eac40cc0a622a9fd23e9468bf962aebe48079c0fd2f1a",
                "attempt": 0
            },
            {
                "id": "0x31e9b8070f42d7c9083eca5879e5528191259a395761b8fcc068dcdd36b06be4",
                "attempt": 1
            },
            {
                "id": "0x39120d5b82981c7f5aba8247925f358afb9539839b61602a0726f51efb35ef4c",
                "attempt": 0
            }
        ],
        "offenders_mark": [],
        "author_index": 1,
        "entropy_source": "0x2f1fe0ca6b2b22211b877f7d6461873a4569cbd4a12d6ca1b1c85c1076eec8069d89baca103a4c42d52d21a19149815a0ef70c6c2517ddc4fbd927ff62da1011ce892c0edc10f1d3d5f1ce24ef678efc6d924bc446c9a4d334f1031a6f5ff908",
        "seal": "0xc7d288c6504d16221e95e01944d05688cb2c69678cafa72e03b7f1df16561701bce474d80ea28166dc8b56a1552b435cf7bcfc61cebd61663311504fd571a50f2534827a7dd55b796068a487526d9915f033c75bebd90b15a5497558310bd416"
    },
    "extrinsic": {
        "tickets": [],
        "preimages": [],
        "guarantees": [],
        "assurances": [
            {
                "anchor": "0x0ce42821e34a8719001fc8c00a1cf78afcd6a86e642d8ad396b9188067910508",
                "bitfield": "0x01",
                "validator_index": 0,
                "signature": "0xfc139b5cc00ecfb396210b38927e6b1b4e75ed77a8ca1837a351aa06832e7f33b6f1df22cbd5fa04099eabe61a0d6ebbb3887ec72771f7bc80be9884d2b2570f"
            },
            {
                "anchor": "0x0ce42821e34a8719001fc8c00a1cf78afcd6a86e642d8ad396b9188067910508",
                "bitfield": "0x01",
                "validator_index": 1,
                "signature": "0x5b77969870ade5788ed7e3a2635175cdb8e48a77d95e2813e68814d19f20661d37108a78499ae72c232a9656160ba6f452b3e347219c53694c098d88a036950e"
            },
            {
                "anchor": "0x0ce42821e34a8719001fc8c00a1cf78afcd6a86e642d8ad396b9188067910508",
                "bitfield": "0x01",
                "validator_index": 2,
                "signature": "0x5eeef625b324a21f376d347ade1db0fd8c911a025df21767f3b098e408ceda0ace1c3c380e0638c45a5297ed18d7554dc63ccb43c11ddd3b24e8ed4863d3e80b"
            },
            {
                "anchor": "0x0ce42821e34a8719001fc8c00a1cf78afcd6a86e642d8ad396b9188067910508",
                "bitfield": "0x01",
                "validator_index": 3,
                "signature": "0x21532e7a3f5f0dabc23e61bfdc1768d9869ddd169eb851484743876f9510927b283a0bee00800a8adb92cb1a771dc6bfff00c0f68f0fcd1cb4841302e187d109"
            },
            {
                "anchor": "0x0ce42821e34a8719001fc8c00a1cf78afcd6a86e642d8ad396b9188067910508",
                "bitfield": "0x01",
                "validator_index": 4,
                "signature": "0x543fc750e035330429ba3145d3ffd1a36efeab2cedb1c8fdae1b1e0a8b027b56681b216a45845fa63b16e122a1d1e99884a76219a5bd1f9b903259eb2e2c6d00"
            },
            {
                "anchor": "0x0ce42821e34a8719001fc8c00a1cf78afcd6a86e642d8ad396b9188067910508",
                "bitfield": "0x01",
                "validator_index": 5,
                "signature": "0xc340f72df5c58777ca564a0734b87c58bf6e603af2673d45db920c77d74c7ca346ebbbd79e9a8b165f95a7e008809cd7bdfe79eacf9260f0f7e48429ae88bf0a"
            }
        ],
        "disputes": {
            "verdicts": [],
            "culprits": [],
            "faults": []
        }
    }
}