{
    "header": {
        "parent": "0x0e452f015e3ad3eede60a233236159109242daa1c2c7cb98f188e0c514b7159e",
        "parent_state_root": "0x0f8b33aaef10639480bc79fc4e7fb4e8f27635fa3704e71c7714d105760a9552",
        "extrinsic_hash": "0x189d15af832dfe4f67744008b62c334b569fcbb4c261e0f065655697306ca252",
        "slot": 22,
        "epoch_mark": null,
        "tickets_mark": [
            {
                "id": "0x0b7537993b0a700def26bb16e99ed0bfb530f616e4c13cf63ecb60bcbe83387d",
                "attempt": 2
            },
            {
                "id": "0x71dd32fb8a1580b4aa3213c3616d8fbbcb9edc00467c4e4548ff8a1fd815811c",
                "attempt": 2
            },
            {
                "id": "0x1912baa74049a4cad89dc3f0646144459b691b926cf8b9c1c4a5bbfa1ee0c331",
                "attempt": 1
            },
            {
                "id": "0x6b5cc620ed50042cd517ec8267706c82482f07ebcb3c65bfb6288ef5984141a7",
                "attempt": 1
            },
            {
                "id": "0x22fdcfa858e5195e222174597d7d33bd66d97748c413b876f7a132134ce9baef",
                "attempt": 0
            },
            {
                "id": "0x665df13fd353ffe92e9bd68ae952f4511681f04bd2ffb9a6da1b1f5f706c53ec",
                "attempt": 2
            },
            {
                "id": "0x23bd628fd365a0f3ecd10db746dd04ec5efe61f96da19ae070c44b97d3c9a7b8",
                "attempt": 2
            },
            {
                "id": "0x39f7d99b86f90cada4aa3b08adfe310024813fca0bdcdff944873a2cc2e47074",
                "attempt": 1
            },
            {
                "id": "0x31d6a25525ff4bd6e47e611646d7b5835b94b5c0a69c225371b2b762c93095a2",
                "attempt": 1
            },
            {
                "id": "0x39e2d23807ff3788156eac40cc0a622a9fd23e9468bf962aebe48079c0fd2f1a",
                "attempt": 0
            },
            {
                "id": "0x31e9b8070f42d7c9083eca5879e5528191259a395761b8fcc068dcdd36b06be4",
                "attempt": 1
            },
            {
                "id": "0x39120d5b82981c7f5aba8247925f358afb9539839b61602a0726f51efb35ef4c",
                "attempt": 0
            }
        ],
        "offenders_mark": [],
        "author_index": 1,
        "entropy_source": "0x2f1fe0ca6b2b22211b877f7d6461873a4569cbd4a12d6ca1b1c85c1076eec8069d89baca103a4c42d52d21a19149815a0ef70c6c2517ddc4fbd927ff62da1011ce892c0edc10f1d3d5f1ce24ef678efc6d924bc446c9a4d334f1031a6f5ff908",
        "seal": "0xc7d288c6504d16221e95e01944d05688cb2c69678cafa72e03b7f1df16561701cf77b85acc198202046c01edddddef26796ddc6eab9bb4aed4a3782a7cc533116e0262cb4780ff042b697ef9d7a5c8454e03f41ba82b09c50ad1218eb1d1310e"
    },
    "extrinsic": {
        "tickets": [],
        "preimages": [],
        "guarantees": [],
        "assurances": [],
        "disputes": {
            "verdicts": [],
            "culprits": [],
            "faults": []
        }
    }
}