{
    "header": {
        "parent": "0x88ad8d9c99ceaf1955db5782a8c7eb291c6f6c98f72618d139324e26620975b6",
        "parent_state_root": "0x513758093f5a148408abefa7a1d42bff8fe7c93098e257f6ba82c8e663783f17",
        "extrinsic_hash": "0x189d15af832dfe4f67744008b62c334b569fcbb4c261e0f065655697306ca252",
        "slot": 52,
        "epoch_mark": null,
        "tickets_mark": null,
        "offenders_mark": [],
        "author_index": 4,
        "entropy_source": "0x11666ef477c8eb65c50c3848fcc9972f6453888918ee4f9ecaf27ce00be4f1c53f70a43f7124a8b744226dc26c70f8c73d1cbe0ad1f9435adc3fa24b7966cc053f2732ed249250b53d5074c7d1e4cba14e4b7bf6b0b8e4d308eb593a91a13917",
        "seal": "0xc9072397d31b8ea1047fb58472fe12f126483d025f3e47998b00e160809d9baf3577cb5e9ffbca5419f4b9fe0919c94f8da7a0c615e231fbc0f4f7042814a902f022cf9aeb38fcf79cfab710a99e70a0e03dabf5da99b98b25a57d50e2d04512"
    },
    "extrinsic": {
        "tickets": [],
        "preimages": [],
        "guarantees": [],
        "assurances": [],
        "disputes": {
            "verdicts": [],
            "culprits": [],
            "faults": []
        }
    }
}