{
    "header": {
        "parent": "0x48ba1e72f0895d302ae6c688d9b93453fde2d28deabb51fd071ead571dffa2fc",
        "parent_state_root": "0x2b732621eeadd7b51beeec2460aa7bfde1ece0247e0015a9b781bf558599a6f9",
        "extrinsic_hash": "0x189d15af832dfe4f67744008b62c334b569fcbb4c261e0f065655697306ca252",
        "slot": 28,
        "epoch_mark": null,
        "tickets_mark": null,
        "offenders_mark": [],
        "author_index": 2,
        "entropy_source": "0x0ed1f047101e9063b000061c8802b0d6e26668a7df93afec1377e0da7d27bfcafd0d7061831d746570906f40fc6268276b9897e0527e6e29df41e0b96f975807a5327da8fc099331fdba0c7ec04e9edfb61edf3f3c319f4b6cb334983ea31b0e",
        "seal": "0x79325cd112d2b4ebdfee68d1a67f63ff554e422688ce29d871cfa53b3fb4026942d383da40e00c13fcc1235e49ef21f5f5350ec9a2acdf4df138be1090bcdc1ad43f704ae52567837d858649a0aa4c1ad932818bf329f32503506a10563a9800"
    },
    "extrinsic": {
        "tickets": [],
        "preimages": [],
        "guarantees": [],
        "assurances": [],
        "disputes": {
            "verdicts": [],
            "culprits": [],
            "faults": []
        }
    }
}