{
    "header": {
        "parent": "0xeed19c5670756ec13d5bedc0de47cdbe8bc9f46598e72eb59369512c72cd2db1",
        "parent_state_root": "0x4a0f5a6cd2876ecaef17e719615a7feabdf5cc04aa0dad03c8ebe361ee6f73fd",
        "extrinsic_hash": "0xcd79fb6352c1e1d93de4345abfa3391e47829198cf0a5be2fa5a811b14b7861a",
        "slot": 30,
        "epoch_mark": null,
        "tickets_mark": null,
        "offenders_mark": [],
        "author_index": 3,
        "entropy_source": "0x84bc71341ab92abe7f078270f2cf66d9776a823fd2d819f8f3ce64b2002c2995e450266abf8e1797e88d2755d2fca4464574fdb3cf9c57f64582d6ac95a85d04248449fc7985f6a0a90dec4b568cf4cf9e199a58d9b09466ec98edae5c306c0e",
        "seal": "0xe9c1956e3a420354e05a25e9305de941e2c871675145e2403b7e7318f55e310c8e54884b353f7e8950d5463bed470f92eb5588a3bf5f9939d280bac4f45da406702932e7e4cdae365ab561bf15e0d1762aee26a9c0001bbb0a63aafa593d8802"
    },
    "extrinsic": {
        "tickets": [],
        "preimages": [],
        "guarantees": [
            {
                "report": {
                    "package_spec": {
                        "hash": "0x4875cf4e4b2ec544cfa2e37daa50a0ebaa4f3b7291355a12be5ba5bf3aa6f4ce",
                        "length": 276,
                        "erasure_root": "0x0ab02d166a9c4e82b0e617f3af7542bbced6621a42c21e62db27ca894e724045",
                        "exports_root": "0xd98f5c949eab911b75da5cf0fb60c3d15b99f98958fd0eeff9b036170a344ea5",
                        "exports_count": 0
                    },
                    "context": {
                        "anchor": "0x10282a502b462ee7d8d48bcb3d6e5cc1e5f8f5fa90b189abc4933b51b3359db7",
                        "state_root": "0xe07e50f9a38aaa64c83a73d031664673bb06c11464e96710aa00c93dfae901af",
                        "beefy_root": "0xe713d98d8f977d521eb1d57974e2c6f24a4c11b6d4d1510419ffcaae8c995508",
                        "lookup_anchor": "0x7f92b20f6c23f2a35e1166241c09f4fa4a14616fc63dd3662a20880f5f17e245",
                        "lookup_anchor_slot": 26,
                        "prerequisites": [
                            "0x6f5f129fc54ee67c778f3197e3aca08c0d215ab2ff9f381698a2cf6534706a6b"
                        ]
                    },
                    "core_index": 0,
                    "authorizer_hash": "0x0000000000000000000000000000000000000000000000000000000000000000",
                    "auth_output": "0x",
                    "segment_root_lookup": [],
                    "results": [
                        {
                            "service_id": 2012198172,
                            "code_hash": "0xf11872ff01b774ab7f70e1b42f8dc172f6e80f2fba61d9a318668d7e4ab3da1d",
                            "payload_hash": "0x45edc341f1d73de72ccaff74f166bb699d53b3e6c545ee23c1d9d35c70fd5ba8",
                            "accumulate_gas": 101,
                            "result": {
                                "ok": "0xa64892e8cd50e75f"
                            }
                        }
                    ]
                },
                "slot": 29,
                "signatures": [
                    {
                        "validator_index": 0,
                        "signature": "0xe0258f9b46e647ceb5f91716142cc076199a8651221f1027a870cac7cdbb291b8e99c5bc20a1c7be9ff59d1f02fe5d82a8911b48096310574fc75e0e8ca10f00"
                    },
                    {
                        "validator_index": 3,
                        "signature": "0xfcb8d2ec3c47d00bf5988d74a1d339ff75479a3e82918be0272f6ef1eae5d3a93e0035dd3f4b83fff41570c9d61f3e4d0641223a093d953a0fc28b238198e805"
                    },
                    {
                        "validator_index": 4,
                        "signature": "0x35cda4d5808a3a23cb509dfdd97a41b9721afdc752c22b71c468679103df8072a41a87ca1e6d4b3cc8484b95f3c2cc8b013d651d1ffbfd8a13fcba2c8612180d"
                    }
                ]
            },
            {
                "report": {
                    "package_spec": {
                        "hash": "0x6f5f129fc54ee67c778f3197e3aca08c0d215ab2ff9f381698a2cf6534706a6b",
                        "length": 511,
                        "erasure_root": "0x648082497a6a2e31411758a197bd20e3d00a66598a335dcbe55ea622613d3db3",
                        "exports_root": "0x138cbe09506850b409b35a8be9f68faec0b7c925c88c806b2ca2092bd0a19ea2",
                        "exports_count": 0
                    },
                    "context": {
                        "anchor": "0x10282a502b462ee7d8d48bcb3d6e5cc1e5f8f5fa90b189abc4933b51b3359db7",
                        "state_root": "0xe07e50f9a38aaa64c83a73d031664673bb06c11464e96710aa00c93dfae901af",
                        "beefy_root": "0xe713d98d8f977d521eb1d57974e2c6f24a4c11b6d4d1510419ffcaae8c995508",
                        "lookup_anchor": "0x7f92b20f6c23f2a35e1166241c09f4fa4a14616fc63dd3662a20880f5f17e245",
                        "lookup_anchor_slot": 26,
                        "prerequisites": []
                    },
                    "core_index": 1,
                    "authorizer_hash": "0x0000000000000000000000000000000000000000000000000000000000000000",
                    "auth_output": "0x",
                    "segment_root_lookup": [
                        {
                            "work_package_hash": "0xc580c294e744c43d3ea9cc99b1fbbbe7f7b34d6e99f612b6d61a3d61c1861a55",
                            "segment_tree_root": "0x136d16f360a18fbd930ccd8eddd8f94bceed0298a0fc7b59f981967c296613a2"
                        }
                    ],
                    "results": [
                        {
                            "service_id": 3901900966,
                            "code_hash": "0x1349fcc03ab9f950da643955479922a436b567cd4267053562e5994c1f7f58c7",
                            "payload_hash": "0x7b0aa1735e5ba58d3236316c671fe4f00ed366ee72417c9ed02a53a8019e85b8",
                            "accumulate_gas": 101,
                            "result": {
                                "ok": "0x020000000100000001000000"
                            }
                        },
                        {
                            "service_id": 1608995021,
                            "code_hash": "0x6a08d161b4ce7981c5431182a35b5d87a721c969e1ddd585dbd6366dccdea0ba",
                            "payload_hash": "0x7b0aa1735e5ba58d3236316c671fe4f00ed366ee72417c9ed02a53a8019e85b8",
                            "accumulate_gas": 101,
                            "result": {
                                "ok": "0x02000000010000000100000000000000"
                            }
                        }
                    ]
                },
                "slot": 29,
                "signatures": [
                    {
                        "validator_index": 1,
                        "signature": "0x480ebc0e272fb1b54027d31263d1cc6a925adfb5d71c09fe718dd13d84759afba174fa76b2531faaee181608a573644a96e489dbfc6a8c6fe7af3a3b65bb6e07"
                    },
                    {
                        "validator_index": 2,
                        "signature": "0x7673465c023706ebd72ea936b2767a95033d6788aff5192565405102ae09acb829242d6cdcbaf44bea7c9df5d29f8c07dedf5e2004aed831d6fb9bce7d92440d"
                    },
                    {
                        "validator_index": 5,
                        "signature": "0x8e4c2c8a98d8578c0b4de711e8a0e84b4bfc3f5be00ee5f84ec335e49df8718547aa7da06d4b54637cd731623f572cf813a55783b6bf0309b76fd7d1459a9f0d"
                    }
                ]
            }
        ],
        "assurances": [],
        "disputes": {
            "verdicts": [],
            "culprits": [],
            "faults": []
        }
    }
}