{
    "header": {
        "parent": "0x71d9da8e97d84ca60bbb19687e21fa993d069e02223966be8448e1ea5ca06e3d",
        "parent_state_root": "0x61517f43c905312eeb15b879ca2cf43529189f8f117a015d9712721332f8bad2",
        "extrinsic_hash": "0x189d15af832dfe4f67744008b62c334b569fcbb4c261e0f065655697306ca252",
        "slot": 47,
        "epoch_mark": null,
        "tickets_mark": null,
        "offenders_mark": [],
        "author_index": 1,
        "entropy_source": "0x61359d203684eb1023a878e10f621cf91d853403cee629c883401666a94621bcae8110f1070cc5e27ec1cff77c6189e9b3c5f1bf0cafff06064828a29f21a80dac836a521ebb8b3280e3550900a0870d5ef8f33144e1e2f951f87b7fec7f3910",
        "seal": "0x1a232c8ffc475bef1cc0bab94d460e11869320def62e08bf5031c4b6ecd7cf87c996d0d47e6a20fb2edd28af6522a09c5472fb003937675ad51fcc1028723908428588e4a58c665f973ba9a84d9cdebd0587ae71a5b36430162bbd8832902c0d"
    },
    "extrinsic": {
        "tickets": [],
        "preimages": [],
        "guarantees": [],
        "assurances": [],
        "disputes": {
            "verdicts": [],
            "culprits": [],
            "faults": []
        }
    }
}