{
    "header": {
        "parent": "0x9a865163495f7be0d0bbc594e1f600441a93d39a6ba8498bdce9749acb96a5b5",
        "parent_state_root": "0x9de5ae6d7ff935a8cd47d3e9c1123b137d40eab8bd6edf038200ec825f1ddd19",
        "extrinsic_hash": "0x189d15af832dfe4f67744008b62c334b569fcbb4c261e0f065655697306ca252",
        "slot": 55,
        "epoch_mark": null,
        "tickets_mark": null,
        "offenders_mark": [],
        "author_index": 0,
        "entropy_source": "0xe9fbc24331bc23a58f03c9892d22fc831211d812f6cfbb0d1b2f8b9566b28238355751c3f3ac09029101b3946119904a3472c4309b7e61eeacecc3df7757f60652980df8971559dc6e8ef24d5327dd4fc626b79250af18f83fcf2648344fe005",
        "seal": "0x8dade517629f1b1d7a917b052974e0b19099ca89367545a7b48fbc79d53e62c72f4447a25024807c503ae88a9a88cefeeb3f43adcfe9cb2856b4648e064b3b0a531156a95cb3fc47792dcad7771f2d7cce6915c924676cab5aa0e3b02964ea06"
    },
    "extrinsic": {
        "tickets": [],
        "preimages": [],
        "guarantees": [],
        "assurances": [],
        "disputes": {
            "verdicts": [],
            "culprits": [],
            "faults": []
        }
    }
}