{
    "header": {
        "parent": "0x3b1b6f7e6befd19c5f86124a225ce453858da00db63cbadd4d6a489ec98996e7",
        "parent_state_root": "0x359c854730bce04cfc0905513437e3f9927815b0f0712c068291977182bcf01e",
        "extrinsic_hash": "0x189d15af832dfe4f67744008b62c334b569fcbb4c261e0f065655697306ca252",
        "slot": 17,
        "epoch_mark": null,
        "tickets_mark": null,
        "offenders_mark": [],
        "author_index": 4,
        "entropy_source": "0x4b213bfc74f65eb109896f1d57e78809d1a94c0c1b2e4543a9ee470eb6cfdfee96228bd01847dbe9e92c5c8c190fab85da4cb5ecd63cd3c758730b17b1247d1be6a5107ff246b08fbf8dcad39ba00b33e9ee4e2b934f62ee7e503e2a1eeaba11",
        "seal": "0xa060e079fdeefc27d1278b9a3d1922874c87e8d0dc7885d08443a29a460af827cedebb1af09b7d91a5427f77d7876c4fb671c9ad23ca170c59215bd92baa7d1845ecec8e36d1d536a2d17dea49d41877681c3bc17089025b99feb1bb552d1417"
    },
    "extrinsic": {
        "tickets": [],
        "preimages": [],
        "guarantees": [],
        "assurances": [],
        "disputes": {
            "verdicts": [],
            "culprits": [],
            "faults": []
        }
    }
}