{
    "header": {
        "parent": "0x87aaae734ada2768895c6411ca4ab3af5ce929ecb7cbda8cb68756ee5008e9a3",
        "parent_state_root": "0x109b93bb32c155c88dbbd63993cb4e856d742e3ed82835f39ad86dd0e7a0ac95",
        "extrinsic_hash": "0x189d15af832dfe4f67744008b62c334b569fcbb4c261e0f065655697306ca252",
        "slot": 23,
        "epoch_mark": null,
        "tickets_mark": null,
        "offenders_mark": [],
        "author_index": 4,
        "entropy_source": "0x4b213bfc74f65eb109896f1d57e78809d1a94c0c1b2e4543a9ee470eb6cfdfee96228bd01847dbe9e92c5c8c190fab85da4cb5ecd63cd3c758730b17b1247d1be6a5107ff246b08fbf8dcad39ba00b33e9ee4e2b934f62ee7e503e2a1eeaba11",
        "seal": "0xa060e079fdeefc27d1278b9a3d1922874c87e8d0dc7885d08443a29a460af827023b9c251269a49e61cc6e63facdec0d9df5cfab3499e805435d1f97bdec921b6c0a33eaa352c42a6238ed205cd4670c955cdb8ceae5e00fa8b14733140eb803"
    },
    "extrinsic": {
        "tickets": [],
        "preimages": [],
        "guarantees": [],
        "assurances": [],
        "disputes": {
            "verdicts": [],
            "culprits": [],
            "faults": []
        }
    }
}