{
    "header": {
        "parent": "0x2e9c6b5869bcfea02a92b3f66b5d4d858ac2388c87004b8e8b41d7829fa5499b",
        "parent_state_root": "0xf6e85f95195103b670d3e23fa38537feea08c9a16eca171c6aed36998daf3ce9",
        "extrinsic_hash": "0x015dc33201e6b9c614f986b25e8599c2d22813292449b37a428cc7dcc3f07a18",
        "slot": 30,
        "epoch_mark": null,
        "tickets_mark": null,
        "offenders_mark": [],
        "author_index": 3,
        "entropy_source": "0x84bc71341ab92abe7f078270f2cf66d9776a823fd2d819f8f3ce64b2002c2995e450266abf8e1797e88d2755d2fca4464574fdb3cf9c57f64582d6ac95a85d04248449fc7985f6a0a90dec4b568cf4cf9e199a58d9b09466ec98edae5c306c0e",
        "seal": "0xe9c1956e3a420354e05a25e9305de941e2c871675145e2403b7e7318f55e310c7231a5285c6128bf50c4bd40e1b07e9a33e0c08b128b5088932c1d28ee4c3f18f3eae382eca31c06c1274dbae9c052b0e5c6fa400797752065be81d2266cb004"
    },
    "extrinsic": {
        "tickets": [],
        "preimages": [],
        "guarantees": [
            {
                "report": {
                    "package_spec": {
                        "hash": "0x2cabdadc2bf161b40b71c063ea39ef2bef8bcd58a3b0a5ff38db940fd121b0ab",
                        "length": 276,
                        "erasure_root": "0x993a30a8263f6b86e20c6909f97be0f04ec97b7ec19802ef6990c8032c75b6e0",
                        "exports_root": "0x51fa6817b888673b47db4c13c6d1712a84c5c1a0a6e595f7d8b1c04867fb1f13",
                        "exports_count": 0
                    },
                    "context": {
                        "anchor": "0x0000000000000000000000000000000000000000000000000000000000000000",
                        "state_root": "0x0000000000000000000000000000000000000000000000000000000000000000",
                        "beefy_root": "0x0000000000000000000000000000000000000000000000000000000000000000",
                        "lookup_anchor": "0x0000000000000000000000000000000000000000000000000000000000000000",
                        "lookup_anchor_slot": 26,
                        "prerequisites": [
                            "0xc08f30c1712d1f2433636b0d321e8884f427ea8a17eb59b4ac84453cc3aa3afd"
                        ]
                    },
                    "core_index": 0,
                    "authorizer_hash": "0x0000000000000000000000000000000000000000000000000000000000000000",
                    "auth_output": "0x",
                    "segment_root_lookup": [],
                    "results": [
                        {
                            "service_id": 3901900966,
                            "code_hash": "0x0559b5d70693fc47e33419c71bdc5d4ba4f63354aa3f06af1e585e030da74016",
                            "payload_hash": "0xe62d7b182bf042780515f426d5a26a0ec1616637d82e653a8fc306130f6a567c",
                            "accumulate_gas": 101,
                            "result": {
                                "ok": "0xcd50e75f1cb5ef772cabdadc2bf161b40b71c063ea39ef2bef8bcd58a3b0a5ff38db940f"
                            }
                        }
                    ]
                },
                "slot": 29,
                "signatures": [
                    {
                        "validator_index": 0,
                        "signature": "0x72e3030381d0066fba93aade2b5a73c4235dec9fd27628ec43e2d986eaf9eba45c11579427a7d10fbc2125e827927fcb9fee5d88644fa7f2371923a330725a04"
                    },
                    {
                        "validator_index": 3,
                        "signature": "0x93c2ad697bed63636a50a54863f642b9291f43d983ab419ff1cf0a5fa7c46a88701de1771183c44ee2d1315418c628934aa9fe35e2f626cedeb85843d80b4608"
                    },
                    {
                        "validator_index": 4,
                        "signature": "0xa7be1b2ad003cba9c5d982cf20096813d284eaff5e41314f436ca05841b4b0ef8863b6535a0f0e76af4c7ccebe8324bb5893f28215375a6fa0c65a8e26c8910b"
                    }
                ]
            },
            {
                "report": {
                    "package_spec": {
                        "hash": "0xc08f30c1712d1f2433636b0d321e8884f427ea8a17eb59b4ac84453cc3aa3afd",
                        "length": 511,
                        "erasure_root": "0x62b1b648c9fe45641e84226aad0b6ffd6eb2e07735c89cf1226a549e9b476f91",
                        "exports_root": "0x138cbe09506850b409b35a8be9f68faec0b7c925c88c806b2ca2092bd0a19ea2",
                        "exports_count": 0
                    },
                    "context": {
                        "anchor": "0x0000000000000000000000000000000000000000000000000000000000000000",
                        "state_root": "0x0000000000000000000000000000000000000000000000000000000000000000",
                        "beefy_root": "0x0000000000000000000000000000000000000000000000000000000000000000",
                        "lookup_anchor": "0x0000000000000000000000000000000000000000000000000000000000000000",
                        "lookup_anchor_slot": 26,
                        "prerequisites": []
                    },
                    "core_index": 1,
                    "authorizer_hash": "0x0000000000000000000000000000000000000000000000000000000000000000",
                    "auth_output": "0x",
                    "segment_root_lookup": [
                        {
                            "work_package_hash": "0xe96ab34568ca6ef17064b3685b76e3c21f4dcf2b38310b17574b5115055cdcf6",
                            "segment_tree_root": "0x136d16f360a18fbd930ccd8eddd8f94bceed0298a0fc7b59f981967c296613a2"
                        }
                    ],
                    "results": [
                        {
                            "service_id": 1608995021,
                            "code_hash": "0x1929560cf44b7bc7686adefd017edcb8e7960fa82b6b04a01cdf9b2a4ffcea6d",
                            "payload_hash": "0x7b0aa1735e5ba58d3236316c671fe4f00ed366ee72417c9ed02a53a8019e85b8",
                            "accumulate_gas": 101,
                            "result": {
                                "ok": "0x020000000100000001000000"
                            }
                        },
                        {
                            "service_id": 2012198172,
                            "code_hash": "0x44d29bf1abc5f3622e6d366880ab17ee652c2cd99d351b5789955bb645314efc",
                            "payload_hash": "0x7b0aa1735e5ba58d3236316c671fe4f00ed366ee72417c9ed02a53a8019e85b8",
                            "accumulate_gas": 101,
                            "result": {
                                "ok": "0x02000000010000000100000000000000"
                            }
                        }
                    ]
                },
                "slot": 29,
                "signatures": [
                    {
                        "validator_index": 1,
                        "signature": "0xabcdb8a8ef65cccbb23354fb5c77fd7f286c7798016890ed32b46e37d742b0c38f43c378da327af4b14ecca041a8b4b601b07ee1b17e1eae4c9be9104b62e007"
                    },
                    {
                        "validator_index": 2,
                        "signature": "0x49b9ed1db94d40d11edfc7b3b1705ac073ca33c43d713fbb01788f2a0ba215999489ee6e28b6ff8d9309fb2d9f08e3d60368c9239a602b31d05835038fe0cc08"
                    },
                    {
                        "validator_index": 5,
                        "signature": "0x5656102e8524048e614af62d9eae540bdfcb018df0b168d9c2b65e6a5b2624a291dbab91fdf6698a798601ba68c21189fb538975977684942299bd83635f4601"
                    }
                ]
            }
        ],
        "assurances": [],
        "disputes": {
            "verdicts": [],
            "culprits": [],
            "faults": []
        }
    }
}