{
    "header": {
        "parent": "0x0f2b93aba64fc96d400ff55796def4c23dd22d884904cb73107c9bd31145cce9",
        "parent_state_root": "0xab70630d81bc23d6730b70fee118b700ef5bec5f036f36b07fed85a409b0140b",
        "extrinsic_hash": "0x03b8ee55eda47d6328e903f7ca6f668d5e38daaaf4adad1151a332f7ee7827f9",
        "slot": 59,
        "epoch_mark": null,
        "tickets_mark": null,
        "offenders_mark": [],
        "author_index": 1,
        "entropy_source": "0x153a90ab3b09d42e35edba6e0eef251e3f594c08c5213a1a840e3007a405cb17bb3a6ea2f8243cd565e8c1e74d9ec2013a4f24db7aa3505f0f251882ddebb80afc2c1965140ab8af307c1186b7ad9eae00994f01c133a9be568a6609ca8aaf0e",
        "seal": "0x2179733c305371ca9637c60640704e52520cf3282c00e97788b9dbb799dc38bd6b63e6fa935a354216d50abfbe67fdcc5ef80bb05053ac96fb1a3d193c9b471ab583d2a7dc80d9161147cf099016584c483324df02be958efa6ca196d3657718"
    },
    "extrinsic": {
        "tickets": [],
        "preimages": [],
        "guarantees": [],
        "assurances": [
            {
                "anchor": "0x0f2b93aba64fc96d400ff55796def4c23dd22d884904cb73107c9bd31145cce9",
                "bitfield": "0x02",
                "validator_index": 0,
                "signature": "0x6010ddabafdc48ecc3e6f540e44de148b39703df83614dc1eb29bcd4ca0c771d3480cad201bd58306217e24dc643ad95d2dd07f2f6bdd50baf18e1858be8940f"
            },
            {
                "anchor": "0x0f2b93aba64fc96d400ff55796def4c23dd22d884904cb73107c9bd31145cce9",
                "bitfield": "0x02",
                "validator_index": 1,
                "signature": "0x30ed0480fb28257fb2b8367ed6f7c9729a1d8ceb6c581f87bb5bcaaace7d08b8194e63af57377aa225942f781d3de4917cc97fe3749eb80ee4e24ac8b20c8e01"
            },
            {
                "anchor": "0x0f2b93aba64fc96d400ff55796def4c23dd22d884904cb73107c9bd31145cce9",
                "bitfield": "0x02",
                "validator_index": 2,
                "signature": "0x638ac9abd0ff0db7ceac89fb53d4fd0f04aca9d4167e844574b3eaddc0ff08a387f1935301c617a4d261eb0154a92fd3b84bd920516e9bb51673a5ed3b5ac00a"
            },
            {
                "anchor": "0x0f2b93aba64fc96d400ff55796def4c23dd22d884904cb73107c9bd31145cce9",
                "bitfield": "0x02",
                "validator_index": 3,
                "signature": "0x0a97f168affb646bd157dadfcee83c771a2d6359ccf347ef0fc371be36c118626ca69b5497e91761bde7058cc700714399ab3be02233f9fbf5a552ffad904a06"
            },
            {
                "anchor": "0x0f2b93aba64fc96d400ff55796def4c23dd22d884904cb73107c9bd31145cce9",
                "bitfield": "0x02",
                "validator_index": 4,
                "signature": "0xf64d354e843f53e5316ca0918cc550360551d05c678a274e8f707f91c44c5d5549add2f5edaeb17857498152d72f24ebcd3426fc6acbbff0d7012b7757ed1e0e"
            },
            {
                "anchor": "0x0f2b93aba64fc96d400ff55796def4c23dd22d884904cb73107c9bd31145cce9",
                "bitfield": "0x02",
                "validator_index": 5,
                "signature": "0xecc32bf545fc67f49cfcf7abbea98ac93557bae0dd09a50c938ea51bc6c9cec591097ae9acc00cfb1da5ef1c1a2c2c4f83d034e5ebd83699c348708773a72708"
            }
        ],
        "disputes": {
            "verdicts": [],
            "culprits": [],
            "faults": []
        }
    }
}