{
    "header": {
        "parent": "0xfd84324b88c62f1ea031337eeed4aee015a19817867611f4535da13615dbddd7",
        "parent_state_root": "0x7a6cc12a8a67304b7871225b4dd427a586a7a0df0e4cf14f8b1782cb45e244e1",
        "extrinsic_hash": "0xd385aeb493e5e6ef094e9e23c7d496565a3c854889f8dafff860f3e6b9d85875",
        "slot": 29,
        "epoch_mark": null,
        "tickets_mark": null,
        "offenders_mark": [],
        "author_index": 1,
        "entropy_source": "0x13a36b25e0014e614dfff08dce590460ece2cdbeaee93a109f50e1c2f07eeec7d1b23f87dd6f5cf1e72a5bc72223460f1263fbc7a99d351a9cf7eac42abf761b14d27dff31facc28c423edd9413a422a24150bf405b37fd7113223bd3f323a0d",
        "seal": "0x4593a173876eeff9cbb1a1dbb067857e386965d0a422e1c2a29c3c58c58f65b7eb8ec534f52c83d7913809769e47edabe8e12952c49bfc68f09c0490824b131b7d62691b9ad2769e324a7cb22ffbce2bb9c216199d51a4078f8e71c968319301"
    },
    "extrinsic": {
        "tickets": [],
        "preimages": [],
        "guarantees": [
            {
                "report": {
                    "package_spec": {
                        "hash": "0x09a930401da60d1f6d1793d0ebf4eae3f4848ed7909d0461fe33ca596b6b0072",
                        "length": 371,
                        "erasure_root": "0x06061ad8eb164fa2e3aef82ec7e95695aa9520b5b74bdd2e072399e8ff948e0b",
                        "exports_root": "0xc603422bde25e136178c87d400a6c284d27fa4f652d49f940ffa8a3284176351",
                        "exports_count": 0
                    },
                    "context": {
                        "anchor": "0x65432ec5471dbd1d2434a526de47d11b728c5a5122c4393570b66d5085bfcb66",
                        "state_root": "0xa19c399eead71d7329603948d131f2c33e48af38f7c5a0cb012f18d190f3be2c",
                        "beefy_root": "0x2c9194fd5336b2b4acb1301829f56d96bfba2744f7a3c50a4b3700c6bc265007",
                        "lookup_anchor": "0xfd84324b88c62f1ea031337eeed4aee015a19817867611f4535da13615dbddd7",
                        "lookup_anchor_slot": 28,
                        "prerequisites": []
                    },
                    "core_index": 0,
                    "authorizer_hash": "0x8c30f2c101674af1da31769e96ce72e81a4a44c89526d7d3ff0a1a511d5f3c9f",
                    "auth_output": "0x",
                    "segment_root_lookup": [
                        {
                            "hash": "0x367ed0fe98524fa3a448359aad3278579f6a8a11a9f29c900f22294535ffdbbd",
                            "exports_root": "0x1d5bb3f123487c16483c13533c886ca795eaede591df27406b58ca7b98150099"
                        }
                    ],
                    "results": [
                        {
                            "service_id": 1065941251,
                            "code_hash": "0xb0e37404a37f4b36acc6fe33f91a9c658e5b43978f2131827ef9d180edae3769",
                            "payload_hash": "0x26a08e4d0c5190f01871e0569b6290b86760085d99f17eb4e7e6b58feb8d6249",
                            "accumulate_gas": 9111,
                            "result": {
                                "ok": "0x040000000300000002000000"
                            }
                        },
                        {
                            "service_id": 2953942612,
                            "code_hash": "0xda81fb234123c13b77808557789a8716de33f226e25b9a26d669eabf8d56fec3",
                            "payload_hash": "0x0e5751c026e543b2e8ab2eb06099daa1d1e5df47778f7787faab45cdf12fe3a8",
                            "accumulate_gas": 9111,
                            "result": {
                                "ok": "0x8c30f2c101674af1da31769e96ce72e81a4a44c89526d7d3ff0a1a511d5f3c9f"
                            }
                        }
                    ]
                },
                "slot": 28,
                "signatures": [
                    {
                        "validator_index": 0,
                        "signature": "0x4a27f8c4c2dd83713509a76de2d1001c94b94fa19039fd0a8cf8a01ac132169c918022f716e784590a5d863701431233646f4954aaa8664595c535e3d8f4b50d"
                    },
                    {
                        "validator_index": 3,
                        "signature": "0xf2dbe39429a3528ee9b44a424ae2ce54803637d6f4c79daab34fc40b29e39dc70c905f4d0f8a13d4fb0660bfd2ab5ea885d8be2979b939107bf9e6f5a29b490b"
                    },
                    {
                        "validator_index": 4,
                        "signature": "0x4e0c4bdab2661e76456cc5d65b1bdd045df79f4b53f0021b130e5022da47cb89e24d7ba6579dfe2cbc98b3004091dc2da58b8811e7f309c9e82ad38005f88e0a"
                    }
                ]
            }
        ],
        "assurances": [],
        "disputes": {
            "verdicts": [],
            "culprits": [],
            "faults": []
        }
    }
}